<application>
  <component name="FeatureSuggesterSettings">
    <option name="workingDays">
      <list>
        <option value="1672523716388" />
        <option value="1673166508094" />
        <option value="1673263986797" />
        <option value="1673793450620" />
        <option value="1673892278017" />
        <option value="1674385046985" />
        <option value="1674501219486" />
        <option value="1674507603100" />
        <option value="1674668940427" />
        <option value="1674766427775" />
        <option value="1674766801096" />
        <option value="1674853214951" />
        <option value="1674987463457" />
        <option value="1675026009740" />
        <option value="1675112532175" />
        <option value="1675199563751" />
        <option value="1675285205151" />
        <option value="1675453919161" />
        <option value="1675458032165" />
        <option value="1675585250263" />
        <option value="1675788511294" />
        <option value="1675875795230" />
        <option value="1676192859680" />
        <option value="1676323879566" />
        <option value="1676494004079" />
        <option value="1676494971120" />
        <option value="1676721396429" />
        <option value="1676800764075" />
        <option value="1677112102027" />
        <option value="1677700705058" />
      </list>
    </option>
  </component>
</application>